prompt,text,is_generated,generator
Tell me something about Media Industry in the North,"The media industry in the North, referring to the northern region of a specific country, can vary depending on the country in question. However, some generalized characteristics about the media industry in the North could include:

1. Concentration of Media Outlets: The North might have a higher concentration of media outlets, including newspapers, television channels, radio stations, and online platforms, compared to other regions. This concentration often stems from the region's larger population, economic activity, or historical significance.

2. Urban Centers: Major urban centers in the North are likely to be hubs for media production, distribution, and consumption. Cities like Manchester (UK), New York (US), or Toronto (Canada) are examples of Northern cities with a vibrant media industry.

3. Diverse Media Landscape: The media industry in the North tends to provide a diverse range of content, catering to different audiences and interests. This diversity reflects the multicultural nature of society and the need to appeal to a wide range of demographic groups.

4. Industry Collaboration: Media organizations in the North often collaborate with each other through partnerships, joint ventures, or content sharing agreements. This collaboration helps enhance resources, creativity, and reach for the industry as a whole.

5. Technological Advancements: The media industry in the North is likely to embrace and adapt to technological advancements quickly. This can be seen through the adoption of digital platforms, streaming services, social media engagement, and other innovative approaches.

6. Employment Opportunities: The media industry in the North can generate significant employment opportunities, both directly and indirectly. This industry employs journalists, editors, TV and radio hosts, camera operators, technicians, producers, marketing professionals, and various other roles necessary for media production and distribution.

7. Regional News Coverage: The media industry in the North often focuses on covering regional news and events specific to that particular area. This coverage ensures that local communities receive relevant and timely information.

8. Cultural Representation: The media industry in the North strives to reflect the cultural diversity and heritage of the region. This may involve promoting local artists, showcasing regional stories, or featuring content highlighting the unique traditions and history of the North.

It's important to note that the specifics of the media industry in the North will vary from country to country and region to region.",1,gpt-3.5-turbo
